{"data":[{"status":"off","name":"CANAL+ - DYNAMIC API","type":"dynapi_cp","service":"cplus","era":0,"searchTerm_yt":null,"regionCode_yt":null,"playlistId_yt":null,"playlistIds_yt":null,"channelId_yt":null,"channelIds_yt":null,"videoIds_yt":null,"searchTerm_vo":null,"groupId_vo":null,"channelId_vo":null,"userId_vo":null,"videoId_vo":null,"searchTerm_dm":null,"regionCode_dm":null,"playlistId_dm":null,"channelId_dm":null,"videoId_dm":null,"apiUrl_cp":null,"apiUrls_cp":"https:\/\/api.import.io\/store\/connector\/2a46f5a1-a6cb-42de-94bb-3c66d550941e\/_query?input=webpage\/url:http%3A%2F%2Fwww.canalplus.fr%2Fc-emissions%2Fc-le-petit-journal%2Fpid6515-le-petit-journal.html&amp;&amp;_apikey=25b068951a8540a4807c10aed4f9f3201d6798843078e6d10f98523452733e2a11d1e997f2e476b29ed2e8eb815a32217a4237b1493c37b9381f19564e4b5e9b2490ebbf90dc44cd057b493121038d9d","linkName_cp":"title","feedUrl_cp":null,"feedUrls_cp":null,"wantedVideos":"3","wantedVideosBool":"default","orderVideos":"relevance","onlyNewVideos":"on","getVideoStats":"off","getVideoTags":"off","autoPublish":"on","postAppend":"off","appendCustomText":null,"count_test":"2","count_run":0,"count_imported":0,"postCatsSlug":[],"postCats":null,"postAuthor":"1","postDate":"new","postTagsBool":"disabled","postTags":[],"schedule":"hourly","scheduleTime":"04H00","scheduleDay":"monday","scheduleDate":null,"publishedAfter_bool":"default","publishedAfter":"","publishedBefore_bool":"default","publishedBefore":"","havingViews":null,"havingLikes":null,"videoQuality":"any","videoDuration":"any","postContent":"default","id":"272","folders":[{"id":21,"name":"Canal+ Sources","slug":"canal-sources"}]},{"status":"off","name":"CANAL+ - RSS FEED","type":"feed_cp","service":"cplus","era":0,"searchTerm_yt":null,"regionCode_yt":null,"playlistId_yt":null,"playlistIds_yt":null,"channelId_yt":null,"channelIds_yt":null,"videoIds_yt":null,"searchTerm_vo":null,"groupId_vo":null,"channelId_vo":null,"userId_vo":null,"videoId_vo":null,"searchTerm_dm":null,"regionCode_dm":null,"playlistId_dm":null,"channelId_dm":null,"videoId_dm":null,"apiUrl_cp":null,"apiUrls_cp":null,"linkName_cp":null,"feedUrl_cp":null,"feedUrls_cp":"http:\/\/feeds.feedburner.com\/pas-bien\/UpVo,","wantedVideos":"10","wantedVideosBool":"custom","orderVideos":"relevance","onlyNewVideos":"on","getVideoStats":"off","getVideoTags":"off","autoPublish":"on","postAppend":"off","appendCustomText":null,"count_test":"1","count_run":0,"count_imported":0,"postCatsSlug":[],"postCats":null,"postAuthor":"1","postDate":"new","postTagsBool":"disabled","postTags":[],"schedule":"hourly","scheduleTime":"04H00","scheduleDay":"monday","scheduleDate":null,"publishedAfter_bool":"default","publishedAfter":"","publishedBefore_bool":"default","publishedBefore":"","havingViews":null,"havingLikes":null,"videoQuality":"any","videoDuration":"any","postContent":"default","id":"271","folders":[{"id":21,"name":"Canal+ Sources","slug":"canal-sources"}]}],"version":"1.8.2","type":"sources"}