{"data":[{"status":"off","name":"Dailymotion - Trends","type":"trends_dm","service":"dailymotion","era":"0","searchTerm_yt":null,"regionCode_yt":null,"playlistId_yt":null,"playlistIds_yt":null,"channelId_yt":null,"channelIds_yt":null,"videoIds_yt":null,"searchTerm_vo":null,"groupId_vo":null,"channelId_vo":null,"userId_vo":null,"videoId_vo":null,"searchTerm_dm":"live hd","regionCode_dm":"FR","playlistId_dm":"x37u4","channelId_dm":null,"videoId_dm":null,"wantedVideos":"3","wantedVideosBool":"default","orderVideos":null,"onlyNewVideos":"on","getVideoStats":"off","getVideoTags":"off","autoPublish":"on","postAppend":"off","appendCustomText":null,"count_test":"3","count_run":"0","count_imported":"2","postCatsSlug":[],"postCats":null,"postAuthor":"1","postDate":"new","postTagsBool":"disabled","postTags":[],"schedule":"hourly","scheduleTime":null,"scheduleDay":null,"scheduleDate":null,"publishedAfter_bool":null,"publishedAfter":null,"publishedBefore_bool":null,"publishedBefore":null,"havingViews":null,"havingLikes":null,"videoQuality":"any","videoDuration":"any","postContent":"default","id":"268","folders":[{"id":18,"name":"Dailymotion Sources","slug":"dailymotion-sources"}]},{"status":"off","name":"Dailymotion - Search","type":"search_dm","service":"dailymotion","era":"0","searchTerm_yt":null,"regionCode_yt":null,"playlistId_yt":null,"playlistIds_yt":null,"channelId_yt":null,"channelIds_yt":null,"videoIds_yt":null,"searchTerm_vo":null,"groupId_vo":null,"channelId_vo":null,"userId_vo":null,"videoId_vo":null,"searchTerm_dm":"live hd","regionCode_dm":null,"playlistId_dm":null,"channelId_dm":null,"videoId_dm":null,"wantedVideos":"3","wantedVideosBool":"default","orderVideos":null,"onlyNewVideos":"on","getVideoStats":"off","getVideoTags":"off","autoPublish":"on","postAppend":"off","appendCustomText":null,"count_test":"6","count_run":"0","count_imported":"2","postCatsSlug":[],"postCats":null,"postAuthor":"1","postDate":"new","postTagsBool":"disabled","postTags":[],"schedule":"hourly","scheduleTime":null,"scheduleDay":null,"scheduleDate":null,"publishedAfter_bool":null,"publishedAfter":null,"publishedBefore_bool":null,"publishedBefore":null,"havingViews":null,"havingLikes":null,"videoQuality":"any","videoDuration":"any","postContent":"default","id":"269","folders":[{"id":18,"name":"Dailymotion Sources","slug":"dailymotion-sources"}]},{"status":"off","name":"Dailymotion - Videos","type":"videos_dm","service":"dailymotion","era":"0","searchTerm_yt":null,"regionCode_yt":null,"playlistId_yt":null,"playlistIds_yt":null,"channelId_yt":null,"channelIds_yt":null,"videoIds_yt":null,"searchTerm_vo":null,"groupId_vo":null,"channelId_vo":null,"userId_vo":null,"videoId_vo":null,"searchTerm_dm":"live hd","regionCode_dm":"FR","playlistId_dm":"x37u4","channelId_dm":"cromme","videoId_dm":"x25uztu","wantedVideos":"3","wantedVideosBool":"default","orderVideos":null,"onlyNewVideos":"on","getVideoStats":"off","getVideoTags":"off","autoPublish":"on","postAppend":"off","appendCustomText":null,"count_test":"2","count_run":"0","count_imported":"0","postCatsSlug":[],"postCats":null,"postAuthor":"1","postDate":"new","postTagsBool":"disabled","postTags":[],"schedule":"hourly","scheduleTime":null,"scheduleDay":null,"scheduleDate":null,"publishedAfter_bool":null,"publishedAfter":null,"publishedBefore_bool":null,"publishedBefore":null,"havingViews":null,"havingLikes":null,"videoQuality":"any","videoDuration":"any","postContent":"default","id":"265","folders":[{"id":18,"name":"Dailymotion Sources","slug":"dailymotion-sources"}]},{"status":"off","name":"Dailymotion - Channels","type":"channel_dm","service":"dailymotion","era":"0","searchTerm_yt":null,"regionCode_yt":null,"playlistId_yt":null,"playlistIds_yt":null,"channelId_yt":null,"channelIds_yt":null,"videoIds_yt":null,"searchTerm_vo":null,"groupId_vo":null,"channelId_vo":null,"userId_vo":null,"videoId_vo":null,"searchTerm_dm":"live hd","regionCode_dm":"FR","playlistId_dm":"x37u4","channelId_dm":"cromme","videoId_dm":"x25uztu","wantedVideos":"3","wantedVideosBool":"default","orderVideos":null,"onlyNewVideos":"on","getVideoStats":"off","getVideoTags":"off","autoPublish":"on","postAppend":"off","appendCustomText":null,"count_test":"3","count_run":"0","count_imported":"0","postCatsSlug":[],"postCats":null,"postAuthor":"1","postDate":"new","postTagsBool":"disabled","postTags":[],"schedule":"hourly","scheduleTime":null,"scheduleDay":null,"scheduleDate":null,"publishedAfter_bool":null,"publishedAfter":null,"publishedBefore_bool":null,"publishedBefore":null,"havingViews":null,"havingLikes":null,"videoQuality":"any","videoDuration":"any","postContent":"default","id":"266","folders":[{"id":18,"name":"Dailymotion Sources","slug":"dailymotion-sources"}]},{"status":"off","name":"Dailymotion - Playlists","type":"playlist_dm","service":"dailymotion","era":"0","searchTerm_yt":null,"regionCode_yt":null,"playlistId_yt":null,"playlistIds_yt":null,"channelId_yt":null,"channelIds_yt":null,"videoIds_yt":null,"searchTerm_vo":null,"groupId_vo":null,"channelId_vo":null,"userId_vo":null,"videoId_vo":null,"searchTerm_dm":"live hd","regionCode_dm":"FR","playlistId_dm":"x37u4","channelId_dm":null,"videoId_dm":null,"wantedVideos":"3","wantedVideosBool":"default","orderVideos":null,"onlyNewVideos":"on","getVideoStats":"off","getVideoTags":"off","autoPublish":"on","postAppend":"off","appendCustomText":null,"count_test":"3","count_run":"0","count_imported":"0","postCatsSlug":[],"postCats":null,"postAuthor":"1","postDate":"new","postTagsBool":"disabled","postTags":[],"schedule":"hourly","scheduleTime":null,"scheduleDay":null,"scheduleDate":null,"publishedAfter_bool":null,"publishedAfter":null,"publishedBefore_bool":null,"publishedBefore":null,"havingViews":null,"havingLikes":null,"videoQuality":"any","videoDuration":"any","postContent":"default","id":"267","folders":[{"id":18,"name":"Dailymotion Sources","slug":"dailymotion-sources"}]}],"version":"1.8.2","type":"sources"}