{"data":[{"status":"off","name":"Facebook - Pages Others","type":"page_facebook","service":"facebook","era":"0","searchTerm_yt":null,"regionCode_yt":null,"playlistId_yt":null,"playlistIds_yt":null,"channelId_yt":null,"channelIds_yt":null,"videoIds_yt":null,"searchTerm_vo":null,"groupId_vo":null,"channelId_vo":null,"userId_vo":null,"videoId_vo":null,"searchTerm_dm":null,"regionCode_dm":null,"playlistId_dm":null,"channelId_dm":null,"videoId_dm":null,"apiUrl_cp":null,"apiUrls_cp":null,"linkName_cp":null,"feedUrl_cp":null,"feedUrls_cp":null,"pageId_facebook":"352751268256569","searchTerm_td":null,"playlistId_td":null,"searchTerm_yk":null,"playlistId_yk":null,"userType_yk":"username","userId_yk":null,"videoIds_yk":null,"wantedVideos":"3","wantedVideosBool":"default","orderVideos":"relevance","onlyNewVideos":"on","getVideoStats":"off","getVideoTags":"off","autoPublish":"on","postAppend":"off","appendCustomText":null,"count_test":"0","count_run":"0","count_imported":"0","postCatsSlug":[],"postCats":null,"postAuthor":"1","postDate":"new","postTagsBool":"disabled","postTags":[],"schedule":"hourly","scheduleTime":"04H00","scheduleDay":"monday","scheduleDate":null,"publishedAfter_bool":"default","publishedAfter":"","publishedBefore_bool":"default","publishedBefore":"","havingViews":"","havingLikes":"","videoQuality":"any","videoDuration":"any","postContent":"default","sourceAuthor":"1","id":"420","folders":[{"id":22,"name":"Facebook Sources","slug":"facebook-sources"}]},{"status":"off","name":"Facebook - Pages","type":"page_facebook","service":"facebook","era":"0","searchTerm_yt":null,"regionCode_yt":null,"playlistId_yt":null,"playlistIds_yt":null,"channelId_yt":null,"channelIds_yt":null,"videoIds_yt":null,"searchTerm_vo":null,"groupId_vo":null,"channelId_vo":null,"userId_vo":null,"videoId_vo":null,"searchTerm_dm":null,"regionCode_dm":null,"playlistId_dm":null,"channelId_dm":null,"videoId_dm":null,"apiUrl_cp":null,"apiUrls_cp":null,"linkName_cp":null,"feedUrl_cp":null,"feedUrls_cp":null,"pageId_facebook":"1480775728804740","searchTerm_td":null,"playlistId_td":null,"searchTerm_yk":null,"playlistId_yk":null,"userType_yk":"username","userId_yk":null,"videoIds_yk":null,"wantedVideos":"3","wantedVideosBool":"default","orderVideos":"relevance","onlyNewVideos":"on","getVideoStats":"off","getVideoTags":"off","autoPublish":"on","postAppend":"off","appendCustomText":null,"count_test":"4","count_run":"0","count_imported":"0","postCatsSlug":[],"postCats":null,"postAuthor":"1","postDate":"new","postTagsBool":"disabled","postTags":[],"schedule":"hourly","scheduleTime":"04H00","scheduleDay":"monday","scheduleDate":null,"publishedAfter_bool":"default","publishedAfter":"","publishedBefore_bool":"default","publishedBefore":"","havingViews":"","havingLikes":"","videoQuality":"any","videoDuration":"any","postContent":"default","sourceAuthor":"1","id":"413","folders":[{"id":22,"name":"Facebook Sources","slug":"facebook-sources"}]}],"version":"1.8.2","type":"sources"}