{"data":[{"status":"on","name":"morocco Trends","type":"trends_yt","service":"youtube","era":0,"searchTerm_yt":null,"regionCode_yt":"MA","playlistId_yt":null,"playlistIds_yt":null,"channelId_yt":null,"channelIds_yt":null,"videoIds_yt":null,"searchTerm_vo":null,"groupId_vo":null,"channelId_vo":null,"userId_vo":null,"videoId_vo":null,"searchTerm_dm":null,"regionCode_dm":null,"playlistId_dm":null,"channelId_dm":null,"videoId_dm":null,"wantedVideos":"3","wantedVideosBool":"default","orderVideos":"relevance","onlyNewVideos":"on","getVideoStats":"off","getVideoTags":"off","autoPublish":"on","postAppend":"off","appendCustomText":null,"count_test":"2","count_run":0,"count_imported":"3","postCatsSlug":{"3":{"id":"3","slug":"categorie","name":"Cat'egorie"},"4":{"id":"4","slug":"featured","name":"Featured"}},"postCats":["4","3"],"postAuthor":"1","postDate":"new","postTagsBool":"disabled","postTags":[],"schedule":"hourly","scheduleTime":"04H00","scheduleDay":"monday","scheduleDate":null,"publishedAfter_bool":"default","publishedAfter":"","publishedBefore_bool":"default","publishedBefore":"","havingViews":null,"havingLikes":null,"videoQuality":"any","videoDuration":"any","postContent":"default","id":"212","folders":[{"id":6,"name":"dude","slug":"dude"},{"id":5,"name":"mike","slug":"mike"}]}],"version":"1.8.2","type":"sources"}