{"data":[{"status":"off","name":"TED - Playlist","type":"playlist_td","service":"ted","era":"0","searchTerm_yt":null,"regionCode_yt":null,"playlistId_yt":null,"playlistIds_yt":null,"channelId_yt":null,"channelIds_yt":null,"videoIds_yt":null,"searchTerm_vo":null,"groupId_vo":null,"channelId_vo":null,"userId_vo":null,"videoId_vo":null,"searchTerm_dm":null,"regionCode_dm":null,"playlistId_dm":null,"channelId_dm":null,"videoId_dm":null,"apiUrl_cp":null,"apiUrls_cp":null,"linkName_cp":null,"feedUrl_cp":null,"feedUrls_cp":null,"searchTerm_td":"intelligence","playlistId_td":"276","searchTerm_yk":null,"playlistId_yk":null,"userType_yk":null,"userId_yk":null,"videoIds_yk":null,"wantedVideos":"3","wantedVideosBool":"default","orderVideos":null,"onlyNewVideos":"on","getVideoStats":"off","getVideoTags":"off","autoPublish":"on","postAppend":"off","appendCustomText":null,"count_test":"2","count_run":"0","count_imported":"0","postCatsSlug":[],"postCats":null,"postAuthor":"1","postDate":"new","postTagsBool":"disabled","postTags":[],"schedule":"hourly","scheduleTime":null,"scheduleDay":null,"scheduleDate":null,"publishedAfter_bool":null,"publishedAfter":null,"publishedBefore_bool":null,"publishedBefore":null,"havingViews":null,"havingLikes":null,"videoQuality":"any","videoDuration":"any","postContent":"default","sourceAuthor":"1","id":"320","folders":[{"id":20,"name":"TED Sources","slug":"ted-sources"}]},{"status":"off","name":"TED - Search","type":"search_td","service":"ted","era":"0","searchTerm_yt":null,"regionCode_yt":null,"playlistId_yt":null,"playlistIds_yt":null,"channelId_yt":null,"channelIds_yt":null,"videoIds_yt":null,"searchTerm_vo":null,"groupId_vo":null,"channelId_vo":null,"userId_vo":null,"videoId_vo":null,"searchTerm_dm":null,"regionCode_dm":null,"playlistId_dm":null,"channelId_dm":null,"videoId_dm":null,"apiUrl_cp":null,"apiUrls_cp":null,"linkName_cp":null,"feedUrl_cp":null,"feedUrls_cp":null,"searchTerm_td":"intelligence","playlistId_td":null,"searchTerm_yk":null,"playlistId_yk":null,"userType_yk":null,"userId_yk":null,"videoIds_yk":null,"wantedVideos":"3","wantedVideosBool":"default","orderVideos":null,"onlyNewVideos":"on","getVideoStats":"off","getVideoTags":"off","autoPublish":"on","postAppend":"off","appendCustomText":null,"count_test":"2","count_run":"0","count_imported":"0","postCatsSlug":[],"postCats":null,"postAuthor":"1","postDate":"new","postTagsBool":"disabled","postTags":[],"schedule":"hourly","scheduleTime":null,"scheduleDay":null,"scheduleDate":null,"publishedAfter_bool":null,"publishedAfter":null,"publishedBefore_bool":null,"publishedBefore":null,"havingViews":null,"havingLikes":null,"videoQuality":"any","videoDuration":"any","postContent":"default","sourceAuthor":"1","id":"321","folders":[{"id":20,"name":"TED Sources","slug":"ted-sources"}]}],"version":"1.8.2","type":"sources"}