{"data":[{"status":"off","name":"Vimeo - Groups","type":"group_vo","service":"vimeo","era":"0","searchTerm_yt":null,"regionCode_yt":null,"playlistId_yt":null,"playlistIds_yt":null,"channelId_yt":null,"channelIds_yt":null,"videoIds_yt":null,"searchTerm_vo":"Selah Sue","groupId_vo":"eyecandyforstrangers","channelId_vo":null,"userId_vo":null,"videoId_vo":null,"searchTerm_dm":null,"regionCode_dm":null,"playlistId_dm":null,"channelId_dm":null,"videoId_dm":null,"wantedVideos":"3","wantedVideosBool":"default","orderVideos":null,"onlyNewVideos":"on","getVideoStats":"off","getVideoTags":"off","autoPublish":"on","postAppend":"off","appendCustomText":null,"count_test":"3","count_run":"0","count_imported":"0","postCatsSlug":[],"postCats":null,"postAuthor":"1","postDate":"new","postTagsBool":"disabled","postTags":[],"schedule":"hourly","scheduleTime":null,"scheduleDay":null,"scheduleDate":null,"publishedAfter_bool":null,"publishedAfter":null,"publishedBefore_bool":null,"publishedBefore":null,"havingViews":null,"havingLikes":null,"videoQuality":"any","videoDuration":"any","postContent":"default","id":"263","folders":[{"id":17,"name":"Vimeo Sources","slug":"vimeo-sources"}]},{"status":"off","name":"Vimeo - Search","type":"search_vo","service":"vimeo","era":"0","searchTerm_yt":null,"regionCode_yt":null,"playlistId_yt":null,"playlistIds_yt":null,"channelId_yt":null,"channelIds_yt":null,"videoIds_yt":null,"searchTerm_vo":"Selah Sue","groupId_vo":null,"channelId_vo":null,"userId_vo":null,"videoId_vo":null,"searchTerm_dm":null,"regionCode_dm":null,"playlistId_dm":null,"channelId_dm":null,"videoId_dm":null,"wantedVideos":"3","wantedVideosBool":"default","orderVideos":null,"onlyNewVideos":"on","getVideoStats":"off","getVideoTags":"off","autoPublish":"on","postAppend":"off","appendCustomText":null,"count_test":"2","count_run":"0","count_imported":"0","postCatsSlug":[],"postCats":null,"postAuthor":"1","postDate":"new","postTagsBool":"disabled","postTags":[],"schedule":"hourly","scheduleTime":null,"scheduleDay":null,"scheduleDate":null,"publishedAfter_bool":null,"publishedAfter":null,"publishedBefore_bool":null,"publishedBefore":null,"havingViews":null,"havingLikes":null,"videoQuality":"any","videoDuration":"any","postContent":"default","id":"264","folders":[{"id":17,"name":"Vimeo Sources","slug":"vimeo-sources"}]},{"status":"off","name":"Vimeo - Videos","type":"videos_vo","service":"vimeo","era":"0","searchTerm_yt":null,"regionCode_yt":null,"playlistId_yt":null,"playlistIds_yt":null,"channelId_yt":null,"channelIds_yt":null,"videoIds_yt":null,"searchTerm_vo":"Selah Sue","groupId_vo":"eyecandyforstrangers","channelId_vo":"mindjuice","userId_vo":"redglass","videoId_vo":"92020010","searchTerm_dm":null,"regionCode_dm":null,"playlistId_dm":null,"channelId_dm":null,"videoId_dm":null,"wantedVideos":"3","wantedVideosBool":"default","orderVideos":null,"onlyNewVideos":"on","getVideoStats":"off","getVideoTags":"off","autoPublish":"on","postAppend":"off","appendCustomText":null,"count_test":"3","count_run":"0","count_imported":"0","postCatsSlug":[],"postCats":null,"postAuthor":"1","postDate":"new","postTagsBool":"disabled","postTags":[],"schedule":"hourly","scheduleTime":null,"scheduleDay":null,"scheduleDate":null,"publishedAfter_bool":null,"publishedAfter":null,"publishedBefore_bool":null,"publishedBefore":null,"havingViews":null,"havingLikes":null,"videoQuality":"any","videoDuration":"any","postContent":"default","id":"259","folders":[{"id":17,"name":"Vimeo Sources","slug":"vimeo-sources"}]},{"status":"off","name":"Vimeo - Users","type":"user_vo","service":"vimeo","era":"0","searchTerm_yt":null,"regionCode_yt":null,"playlistId_yt":null,"playlistIds_yt":null,"channelId_yt":null,"channelIds_yt":null,"videoIds_yt":null,"searchTerm_vo":"Selah Sue","groupId_vo":"eyecandyforstrangers","channelId_vo":"mindjuice","userId_vo":"redglass","videoId_vo":null,"searchTerm_dm":null,"regionCode_dm":null,"playlistId_dm":null,"channelId_dm":null,"videoId_dm":null,"wantedVideos":"3","wantedVideosBool":"default","orderVideos":null,"onlyNewVideos":"on","getVideoStats":"off","getVideoTags":"off","autoPublish":"on","postAppend":"off","appendCustomText":null,"count_test":"3","count_run":"0","count_imported":"0","postCatsSlug":[],"postCats":null,"postAuthor":"1","postDate":"new","postTagsBool":"disabled","postTags":[],"schedule":"hourly","scheduleTime":null,"scheduleDay":null,"scheduleDate":null,"publishedAfter_bool":null,"publishedAfter":null,"publishedBefore_bool":null,"publishedBefore":null,"havingViews":null,"havingLikes":null,"videoQuality":"any","videoDuration":"any","postContent":"default","id":"260","folders":[{"id":17,"name":"Vimeo Sources","slug":"vimeo-sources"}]},{"status":"off","name":"Vimeo - Channels","type":"channel_vo","service":"vimeo","era":"0","searchTerm_yt":null,"regionCode_yt":null,"playlistId_yt":null,"playlistIds_yt":null,"channelId_yt":null,"channelIds_yt":null,"videoIds_yt":null,"searchTerm_vo":"Selah Sue","groupId_vo":"eyecandyforstrangers","channelId_vo":"mindjuice","userId_vo":null,"videoId_vo":null,"searchTerm_dm":null,"regionCode_dm":null,"playlistId_dm":null,"channelId_dm":null,"videoId_dm":null,"wantedVideos":"3","wantedVideosBool":"default","orderVideos":null,"onlyNewVideos":"on","getVideoStats":"off","getVideoTags":"off","autoPublish":"on","postAppend":"off","appendCustomText":null,"count_test":"2","count_run":"0","count_imported":"0","postCatsSlug":[],"postCats":null,"postAuthor":"1","postDate":"new","postTagsBool":"disabled","postTags":[],"schedule":"hourly","scheduleTime":null,"scheduleDay":null,"scheduleDate":null,"publishedAfter_bool":null,"publishedAfter":null,"publishedBefore_bool":null,"publishedBefore":null,"havingViews":null,"havingLikes":null,"videoQuality":"any","videoDuration":"any","postContent":"default","id":"261","folders":[{"id":17,"name":"Vimeo Sources","slug":"vimeo-sources"}]}],"version":"1.8.2","type":"sources"}