{"data":[{"status":"off","name":"Youku - Search","type":"search_yk","service":"youku","era":"0","searchTerm_yt":null,"regionCode_yt":null,"playlistId_yt":null,"playlistIds_yt":null,"channelId_yt":null,"channelIds_yt":null,"videoIds_yt":null,"searchTerm_vo":null,"groupId_vo":null,"channelId_vo":null,"userId_vo":null,"videoId_vo":null,"searchTerm_dm":null,"regionCode_dm":null,"playlistId_dm":null,"channelId_dm":null,"videoId_dm":null,"apiUrl_cp":null,"apiUrls_cp":null,"linkName_cp":null,"feedUrl_cp":null,"feedUrls_cp":null,"pageId_facebook":null,"searchTerm_td":null,"playlistId_td":null,"searchTerm_yk":"\u7684\u89c6\u9891\u54e6","playlistId_yk":null,"userType_yk":null,"userId_yk":null,"videoIds_yk":null,"wantedVideos":"3","wantedVideosBool":"default","orderVideos":null,"onlyNewVideos":"on","getVideoStats":"off","getVideoTags":"off","autoPublish":"on","postAppend":"off","appendCustomText":null,"count_test":"1","count_run":"0","count_imported":"0","postCatsSlug":[],"postCats":null,"postAuthor":"1","postDate":"new","postTagsBool":"disabled","postTags":[],"schedule":"hourly","scheduleTime":null,"scheduleDay":null,"scheduleDate":null,"publishedAfter_bool":null,"publishedAfter":null,"publishedBefore_bool":null,"publishedBefore":null,"havingViews":null,"havingLikes":null,"videoQuality":"any","videoDuration":"any","postContent":"default","sourceAuthor":"1","id":"419","folders":[{"id":19,"name":"Youku Sources","slug":"youku-sources"}]},{"status":"off","name":"Youku - Videos","type":"videos_yk","service":"youku","era":"0","searchTerm_yt":null,"regionCode_yt":null,"playlistId_yt":null,"playlistIds_yt":null,"channelId_yt":null,"channelIds_yt":null,"videoIds_yt":null,"searchTerm_vo":null,"groupId_vo":null,"channelId_vo":null,"userId_vo":null,"videoId_vo":null,"searchTerm_dm":null,"regionCode_dm":null,"playlistId_dm":null,"channelId_dm":null,"videoId_dm":null,"apiUrl_cp":null,"apiUrls_cp":null,"linkName_cp":null,"feedUrl_cp":null,"feedUrls_cp":null,"pageId_facebook":null,"searchTerm_td":null,"playlistId_td":null,"searchTerm_yk":"\u7684\u89c6\u9891\u54e6","playlistId_yk":"6450536","userType_yk":null,"userId_yk":null,"videoIds_yk":"XODc4MzE0MjI0","wantedVideos":"3","wantedVideosBool":"default","orderVideos":null,"onlyNewVideos":"on","getVideoStats":"off","getVideoTags":"off","autoPublish":"on","postAppend":"off","appendCustomText":null,"count_test":"2","count_run":"0","count_imported":"0","postCatsSlug":[],"postCats":null,"postAuthor":"1","postDate":"new","postTagsBool":"disabled","postTags":[],"schedule":"hourly","scheduleTime":null,"scheduleDay":null,"scheduleDate":null,"publishedAfter_bool":null,"publishedAfter":null,"publishedBefore_bool":null,"publishedBefore":null,"havingViews":null,"havingLikes":null,"videoQuality":"any","videoDuration":"any","postContent":"default","sourceAuthor":"1","id":"416","folders":[{"id":19,"name":"Youku Sources","slug":"youku-sources"}]},{"status":"off","name":"Youku - User","type":"user_yk","service":"youku","era":"0","searchTerm_yt":null,"regionCode_yt":null,"playlistId_yt":null,"playlistIds_yt":null,"channelId_yt":null,"channelIds_yt":null,"videoIds_yt":null,"searchTerm_vo":null,"groupId_vo":null,"channelId_vo":null,"userId_vo":null,"videoId_vo":null,"searchTerm_dm":null,"regionCode_dm":null,"playlistId_dm":null,"channelId_dm":null,"videoId_dm":null,"apiUrl_cp":null,"apiUrls_cp":null,"linkName_cp":null,"feedUrl_cp":null,"feedUrls_cp":null,"pageId_facebook":null,"searchTerm_td":null,"playlistId_td":null,"searchTerm_yk":"\u7684\u89c6\u9891\u54e6","playlistId_yk":"6450536","userType_yk":null,"userId_yk":"UMTA4MDY0ODgw","videoIds_yk":null,"wantedVideos":"3","wantedVideosBool":"default","orderVideos":null,"onlyNewVideos":"on","getVideoStats":"off","getVideoTags":"off","autoPublish":"on","postAppend":"off","appendCustomText":null,"count_test":"4","count_run":"0","count_imported":"0","postCatsSlug":[],"postCats":null,"postAuthor":"1","postDate":"new","postTagsBool":"disabled","postTags":[],"schedule":"hourly","scheduleTime":null,"scheduleDay":null,"scheduleDate":null,"publishedAfter_bool":null,"publishedAfter":null,"publishedBefore_bool":null,"publishedBefore":null,"havingViews":null,"havingLikes":null,"videoQuality":"any","videoDuration":"any","postContent":"default","sourceAuthor":"1","id":"417","folders":[{"id":19,"name":"Youku Sources","slug":"youku-sources"}]},{"status":"off","name":"Youku - Playlist","type":"playlist_yk","service":"youku","era":"0","searchTerm_yt":null,"regionCode_yt":null,"playlistId_yt":null,"playlistIds_yt":null,"channelId_yt":null,"channelIds_yt":null,"videoIds_yt":null,"searchTerm_vo":null,"groupId_vo":null,"channelId_vo":null,"userId_vo":null,"videoId_vo":null,"searchTerm_dm":null,"regionCode_dm":null,"playlistId_dm":null,"channelId_dm":null,"videoId_dm":null,"apiUrl_cp":null,"apiUrls_cp":null,"linkName_cp":null,"feedUrl_cp":null,"feedUrls_cp":null,"pageId_facebook":null,"searchTerm_td":null,"playlistId_td":null,"searchTerm_yk":"\u7684\u89c6\u9891\u54e6","playlistId_yk":"6450536","userType_yk":null,"userId_yk":null,"videoIds_yk":null,"wantedVideos":"3","wantedVideosBool":"default","orderVideos":null,"onlyNewVideos":"on","getVideoStats":"off","getVideoTags":"off","autoPublish":"on","postAppend":"off","appendCustomText":null,"count_test":"1","count_run":"0","count_imported":"0","postCatsSlug":[],"postCats":null,"postAuthor":"1","postDate":"new","postTagsBool":"disabled","postTags":[],"schedule":"hourly","scheduleTime":null,"scheduleDay":null,"scheduleDate":null,"publishedAfter_bool":null,"publishedAfter":null,"publishedBefore_bool":null,"publishedBefore":null,"havingViews":null,"havingLikes":null,"videoQuality":"any","videoDuration":"any","postContent":"default","sourceAuthor":"1","id":"418","folders":[{"id":19,"name":"Youku Sources","slug":"youku-sources"}]}],"version":"1.8.2","type":"sources"}