{"data":[{"status":"off","name":"Youtube - Playlists","type":"playlist_yt","service":"youtube","era":"0","searchTerm_yt":"intelligence hd","regionCode_yt":"GB","playlistId_yt":null,"playlistIds_yt":"PLh2QSchbA3pntIcjZRMsnAb7l_tAUJjeg","channelId_yt":null,"channelIds_yt":null,"videoIds_yt":null,"searchTerm_vo":null,"groupId_vo":null,"channelId_vo":null,"userId_vo":null,"videoId_vo":null,"searchTerm_dm":null,"regionCode_dm":null,"playlistId_dm":null,"channelId_dm":null,"videoId_dm":null,"wantedVideos":"3","wantedVideosBool":"default","orderVideos":null,"onlyNewVideos":"on","getVideoStats":"off","getVideoTags":"off","autoPublish":"on","postAppend":"off","appendCustomText":null,"count_test":"3","count_run":"0","count_imported":"0","postCatsSlug":[],"postCats":null,"postAuthor":"1","postDate":"new","postTagsBool":"disabled","postTags":[],"schedule":"hourly","scheduleTime":null,"scheduleDay":null,"scheduleDate":null,"publishedAfter_bool":null,"publishedAfter":null,"publishedBefore_bool":null,"publishedBefore":null,"havingViews":null,"havingLikes":null,"videoQuality":"any","videoDuration":"any","postContent":"default","id":"246","folders":[{"id":16,"name":"Youtube Sources","slug":"youtube-sources"}]},{"status":"off","name":"Youtube - Trends","type":"trends_yt","service":"youtube","era":"0","searchTerm_yt":"intelligence hd","regionCode_yt":"GB","playlistId_yt":null,"playlistIds_yt":null,"channelId_yt":null,"channelIds_yt":null,"videoIds_yt":null,"searchTerm_vo":null,"groupId_vo":null,"channelId_vo":null,"userId_vo":null,"videoId_vo":null,"searchTerm_dm":null,"regionCode_dm":null,"playlistId_dm":null,"channelId_dm":null,"videoId_dm":null,"wantedVideos":"3","wantedVideosBool":"default","orderVideos":null,"onlyNewVideos":"on","getVideoStats":"off","getVideoTags":"off","autoPublish":"on","postAppend":"off","appendCustomText":null,"count_test":"2","count_run":"0","count_imported":"0","postCatsSlug":[],"postCats":null,"postAuthor":"1","postDate":"new","postTagsBool":"disabled","postTags":[],"schedule":"hourly","scheduleTime":null,"scheduleDay":null,"scheduleDate":null,"publishedAfter_bool":null,"publishedAfter":null,"publishedBefore_bool":null,"publishedBefore":null,"havingViews":null,"havingLikes":null,"videoQuality":"any","videoDuration":"any","postContent":"default","id":"247","folders":[{"id":16,"name":"Youtube Sources","slug":"youtube-sources"}]},{"status":"off","name":"Youtube - Search","type":"search_yt","service":"youtube","era":"0","searchTerm_yt":"intelligence hd","regionCode_yt":null,"playlistId_yt":null,"playlistIds_yt":null,"channelId_yt":null,"channelIds_yt":null,"videoIds_yt":null,"searchTerm_vo":null,"groupId_vo":null,"channelId_vo":null,"userId_vo":null,"videoId_vo":null,"searchTerm_dm":null,"regionCode_dm":null,"playlistId_dm":null,"channelId_dm":null,"videoId_dm":null,"wantedVideos":"3","wantedVideosBool":"default","orderVideos":null,"onlyNewVideos":"on","getVideoStats":"off","getVideoTags":"off","autoPublish":"on","postAppend":"off","appendCustomText":null,"count_test":"4","count_run":"0","count_imported":"0","postCatsSlug":[],"postCats":null,"postAuthor":"1","postDate":"new","postTagsBool":"disabled","postTags":[],"schedule":"hourly","scheduleTime":null,"scheduleDay":null,"scheduleDate":null,"publishedAfter_bool":null,"publishedAfter":null,"publishedBefore_bool":null,"publishedBefore":null,"havingViews":null,"havingLikes":null,"videoQuality":"any","videoDuration":"any","postContent":"default","id":"248","folders":[{"id":16,"name":"Youtube Sources","slug":"youtube-sources"}]},{"status":"off","name":"Youtube - Videos","type":"videos_yt","service":"youtube","era":"1","searchTerm_yt":"intelligence hd","regionCode_yt":"GB","playlistId_yt":null,"playlistIds_yt":"PLh2QSchbA3pntIcjZRMsnAb7l_tAUJjeg","channelId_yt":null,"channelIds_yt":"UC31klL7WSgkQyGClLp-iacQ","videoIds_yt":"Po74oIzEhBo","searchTerm_vo":null,"groupId_vo":null,"channelId_vo":null,"userId_vo":null,"videoId_vo":null,"searchTerm_dm":null,"regionCode_dm":null,"playlistId_dm":null,"channelId_dm":null,"videoId_dm":null,"wantedVideos":"3","wantedVideosBool":"default","orderVideos":null,"onlyNewVideos":"on","getVideoStats":"off","getVideoTags":"off","autoPublish":"on","postAppend":"off","appendCustomText":null,"count_test":"1","count_run":"0","count_imported":"0","postCatsSlug":[],"postCats":null,"postAuthor":"1","postDate":"new","postTagsBool":"disabled","postTags":[],"schedule":"hourly","scheduleTime":null,"scheduleDay":null,"scheduleDate":null,"publishedAfter_bool":null,"publishedAfter":null,"publishedBefore_bool":null,"publishedBefore":null,"havingViews":null,"havingLikes":null,"videoQuality":"any","videoDuration":"any","postContent":"default","id":"244","folders":[{"id":16,"name":"Youtube Sources","slug":"youtube-sources"}]},{"status":"off","name":"Youtube - Channels","type":"channel_yt","service":"youtube","era":"0","searchTerm_yt":"intelligence hd","regionCode_yt":"GB","playlistId_yt":null,"playlistIds_yt":"PLh2QSchbA3pntIcjZRMsnAb7l_tAUJjeg","channelId_yt":null,"channelIds_yt":"UC31klL7WSgkQyGClLp-iacQ","videoIds_yt":null,"searchTerm_vo":null,"groupId_vo":null,"channelId_vo":null,"userId_vo":null,"videoId_vo":null,"searchTerm_dm":null,"regionCode_dm":null,"playlistId_dm":null,"channelId_dm":null,"videoId_dm":null,"wantedVideos":"3","wantedVideosBool":"default","orderVideos":null,"onlyNewVideos":"on","getVideoStats":"off","getVideoTags":"off","autoPublish":"on","postAppend":"off","appendCustomText":null,"count_test":"2","count_run":"0","count_imported":"0","postCatsSlug":[],"postCats":null,"postAuthor":"1","postDate":"new","postTagsBool":"disabled","postTags":[],"schedule":"hourly","scheduleTime":null,"scheduleDay":null,"scheduleDate":null,"publishedAfter_bool":null,"publishedAfter":null,"publishedBefore_bool":null,"publishedBefore":null,"havingViews":null,"havingLikes":null,"videoQuality":"any","videoDuration":"any","postContent":"default","id":"245","folders":[{"id":16,"name":"Youtube Sources","slug":"youtube-sources"}]}],"version":"1.8.2","type":"sources"}